{"created":1669457100614,"url":"https://appboy-images.com/appboy/communication/assets/image_assets/images/600841e84b91ad0221991596/original.jpg","httpCacheMetadata":{"url":"https://appboy-images.com/appboy/communication/assets/image_assets/images/600841e84b91ad0221991596/original.jpg","directive":{},"validationToken":{"etag":"\"2f935b4dcf689546f9be6554de14dfcb\"","lastModified":"Wed, 20 Jan 2021 14:44:57 GMT"},"expirationTime":1669464842591},"filename":"4aa7246f-5c5a-4745-8caf-008d51c4cab9.jpeg"}