{"created":1669457100655,"url":"https://appboy-images.com/appboy/communication/assets/image_assets/images/600841e8d3d4dd3a850d4323/original.jpg","httpCacheMetadata":{"url":"https://appboy-images.com/appboy/communication/assets/image_assets/images/600841e8d3d4dd3a850d4323/original.jpg","directive":{},"validationToken":{"etag":"\"d855a06b9f2165965db9e5fc3ca468d2\"","lastModified":"Wed, 20 Jan 2021 14:44:57 GMT"},"expirationTime":1669465233607},"filename":"6c3048af-cbc9-4cf4-84ac-75ccf6c52470.jpeg"}