{"game":"hoi4","name":"Initial playset","mods":[{"displayName":"BlackICE Event-GFX","enabled":true,"position":0,"steamId":"842834893"},{"displayName":"BlackICE Historical Immersion Mod","enabled":true,"position":1,"steamId":"1137372539"},{"displayName":"Road to 56 - German Edition","enabled":true,"position":2,"steamId":"2421485863"},{"displayName":"BlackICE - Deutsch","enabled":true,"position":3,"steamId":"2993385538"},{"displayName":"Total War Mod","enabled":true,"position":4,"steamId":"806209426"},{"displayName":"Kaiserreich Music","enabled":true,"position":5,"steamId":"1360299796"},{"displayName":"Kaiserreich","enabled":true,"position":6,"steamId":"1521695605"},{"displayName":"Kaiserreich Music Internationales","enabled":true,"position":7,"steamId":"1721585687"},{"displayName":"Kaiserreich Music Kaisercat","enabled":true,"position":8,"steamId":"1721597650"},{"displayName":"Rise of Nations","enabled":true,"position":9,"steamId":"2026448968"},{"displayName":"Kaiserreich Models - Together for Victory DLC","enabled":true,"position":10,"steamId":"2364381226"},{"displayName":"Kaiserreich Models - Waking the Tiger DLC","enabled":true,"position":11,"steamId":"2364381608"},{"displayName":"Kaiserreich Models - La Résistance DLC","enabled":true,"position":12,"steamId":"2364382040"},{"displayName":"Kaiserreich Models - Man the Guns DLC","enabled":true,"position":13,"steamId":"2364382730"},{"displayName":"Kaiserreich Models - Death or Dishonor DLC","enabled":true,"position":14,"steamId":"2364382919"},{"displayName":"Kaiserreich Models - Battle for the Bosporus DLC","enabled":true,"position":15,"steamId":"2364383134"},{"displayName":"Kaiserreich Models - Axis Armor DLC","enabled":true,"position":16,"steamId":"2364383431"},{"displayName":"Kaiserreich Models - Allied Armor DLC","enabled":true,"position":17,"steamId":"2364428411"},{"displayName":"Kaiserreich Models - Base Game","enabled":true,"position":18,"steamId":"2364431052"},{"displayName":"Kaiserreich Models - No Step Back DLC","enabled":true,"position":19,"steamId":"2546443097"},{"displayName":"Kaiserreich Models - By Blood Alone DLC","enabled":true,"position":20,"steamId":"2956284007"},{"displayName":"Kaiserreich Models - Eastern Front Planes Pack DLC","enabled":true,"position":21,"steamId":"3006782869"}]}