{"created":1669457100580,"url":"https://appboy-images.com/appboy/communication/assets/image_assets/images/600839578919ac1a490addad/original.jpg","httpCacheMetadata":{"url":"https://appboy-images.com/appboy/communication/assets/image_assets/images/600839578919ac1a490addad/original.jpg","directive":{},"validationToken":{"etag":"\"35e310837425ba6456c27ab35d58833c\"","lastModified":"Wed, 20 Jan 2021 14:08:24 GMT"},"expirationTime":1669465164555},"filename":"f01488fd-743d-4d74-80fc-f9c700f40956.jpeg"}